Template,Case,Prediction,Output,Word_Count
T1_Basic_Explanation,Case 1,No,"Based on the provided employee profile, the prediction of Attrition = No can be explained as follows:

1. **YearsAtCompany: 5**: The employee has been with the company for 5 years, which indicates a certain level of job satisfaction and stability. Longevity with a company often suggests that an employee is engaged and committed to their role.

2. **MonthlyIncome: 8463**: The employee's monthly income is relatively high, which could contribute to job satisfaction and reduce the likelihood of seeking new opportunities elsewhere.

3. **JobRole: Sales Executive and Department: Sales**: While sales roles can be high-pressure, the fact that the employee has remained in this role for 5 years suggests they are either well-suited to it or have found ways to manage its demands effectively.

4. **OverTime: No**: The absence of overtime might indicate a manageable workload, which can contribute to a better work-life balance and job satisfaction.

5. **WorkLifeBalance: 3**: While not the highest score, a WorkLifeBalance rating of 3 suggests that the employee is able to manage their work and personal life fairly well, which can reduce the likelihood of attrition.

6. **DistanceFromHome: 5**: A short distance from home can make commuting easier and less stressful, potentially contributing to job satisfaction.

7. **BusinessTravel: Travel_Rarely**: Rare business travel could mean less disruption to the employee's personal life and less stress related to travel, which might contribute to job satisfaction.

8. **EducationField: Medical and JobRole: Sales Executive**: While there's a field switch from Medical to Sales, the employee has adapted to this change for 5 years, suggesting either a strong interest in sales or effective support from the company in their role transition.

9. **JobSatisfaction: 1**: Although the job satisfaction rating is low, it seems to be an outlier given the other positive indicators (long tenure, manageable work-life balance, etc.). It's possible that while the employee isn't highly satisfied, they are not actively seeking to leave.

Considering these factors, the prediction of Attrition = No seems reasonable. The employee's long tenure, relatively high income, manageable work-life balance, and lack of excessive work demands (e.g., overtime) likely contribute to a lower inclination to leave the company.",353
T1_Basic_Explanation,Case 2,No,"Based on the provided employee profile, the prediction of ""Attrition = No"" suggests that this employee is likely to stay with the company. Here are some key factors that may contribute to this prediction:

1. **Job Role and Seniority**: As a 53-year-old Manufacturing Director in the Research & Development department, this employee holds a senior position with significant responsibility. Typically, employees in senior roles may feel more invested in the organization and have more reasons to stay.

2. **Years at Company**: With 4 years of service, this employee has already demonstrated a level of commitment to the company. The fact that they have been with the organization for several years suggests they may have developed strong professional and possibly personal ties.

3. **Monthly Income**: The employee's monthly income of 4450 is a tangible factor. While we don't have a basis for comparison, being a director, this income might be considered satisfactory or competitive, potentially reducing the incentive to look for another job.

4. **Job Satisfaction and Work-Life Balance**: Although the Job Satisfaction is rated at 1 (which might indicate low satisfaction), the Work-Life Balance is rated at 3, which could suggest a moderate level of satisfaction with their personal life outside of work. The combination of these ratings might indicate that while there are areas for improvement, they are not extreme enough to strongly predict attrition.

5. **Business Travel and Distance from Home**: The employee travels rarely for business and lives 13 units of distance from home. This could imply a stable routine and minimal disruption to their personal life, which might contribute to job satisfaction and reduce the likelihood of leaving.

6. **Education Field and Job Role Alignment**: With an education field in Medical and a role as a Manufacturing Director, there might be a direct application of their knowledge, providing a sense of relevance and fulfillment in their job.

7. **No Overtime**: The fact that the employee does not work overtime could indicate a manageable workload or a healthy boundary between work and personal life, which could contribute to their decision to stay.

Considering these factors, the prediction of ""Attrition = No"" seems to be based on a combination of job security, seniority, satisfactory income, moderate work-life balance, and possibly a sense of fulfillment and engagement with their role and the company.",384
T1_Basic_Explanation,Case 3,Yes,"Based on the employee profile, I would explain the prediction of Attrition = Yes as follows:

The employee is 24 years old and has been with the company for only 1 year. Despite being in the Human Resources department, which aligns with their education field, their job satisfaction and work-life balance are rated as 3, which is a neutral/middle rating. This suggests that the employee may not be extremely happy or fulfilled in their role.

Additionally, the employee's monthly income is $1555, which may not be competitive for someone with 1 year of experience in the Human Resources field. The fact that they travel rarely and have a moderate distance from home (22) may not be significant contributors to their job satisfaction.

The prediction of Attrition = Yes may be driven by the employee's relatively low job satisfaction and work-life balance ratings, which could indicate that they are not engaged or motivated in their role. Furthermore, being young and relatively new to the company, they may be more likely to explore other job opportunities that better align with their career goals and provide more satisfaction.

Overall, the prediction suggests that the employee may be at risk of leaving the company due to a lack of fulfillment and potentially limited growth opportunities in their current role.",215
T2_Structured_HR_Analysis,Case 1,No,"Based on the provided employee profile, here is the analysis:

**1. Main factors behind the prediction (Attrition = No)**

* **JobSatisfaction: 1** (very dissatisfied, but surprisingly, the model predicts no attrition - this might indicate other factors are at play)
* **YearsAtCompany: 5** (employee has been with the company for a relatively long time, indicating some level of commitment or stability)
* **MonthlyIncome: 8463** (relatively high income, which could be a motivator to stay)
* **Department: Sales** and **JobRole: Sales Executive** (sales roles can be challenging, but the employee has been in this role for 5 years, suggesting some level of comfort or success)

**2. Possible risk level**

* Despite the prediction of no attrition, there are some red flags:
	+ Low **JobSatisfaction** (1) indicates a potential issue that should be addressed
	+ **WorkLifeBalance: 3** (neutral) might not be ideal, as it doesn't indicate a high level of satisfaction
* Risk level: **Moderate** (there are some concerns, but the employee's long tenure and relatively high income might mitigate the risk)

**3. Recommended HR actions**

* **Investigate JobSatisfaction**: understand the root causes of the employee's dissatisfaction and address them
* **Conduct a stay interview**: discuss the employee's goals, aspirations, and concerns to better understand their perspective
* **Review and adjust compensation and benefits**: ensure the employee's income and benefits are competitive and aligned with their role and industry
* **Offer development opportunities**: provide training, mentorship, or new challenges to help the employee grow and feel engaged in their role
* **Monitor WorkLifeBalance**: check in with the employee to ensure they have a healthy balance between work and personal life

By taking proactive steps to address the employee's concerns and provide support, HR can help mitigate the risk of attrition and ensure the employee remains engaged and committed to the company.",299
T2_Structured_HR_Analysis,Case 2,No,"Based on the employee profile, here are my analysis and recommendations:

**1. Main factors behind the prediction that Attrition = No:**

* **JobRole stability**: As a Manufacturing Director, the employee holds a senior leadership position, which often comes with a sense of stability and responsibility.
* **Reasonable income**: The monthly income of $4450 is a relatively good compensation package, which can contribute to job satisfaction and reduce attrition risk.
* **Long tenure**: With 4 years at the company, the employee has established roots and is likely to have built strong relationships with colleagues and management.
* **Moderate work-life balance**: A score of 3 on WorkLifeBalance suggests that the employee is able to manage their work and personal life reasonably well, reducing the likelihood of burnout.

**2. Possible risk level:**
Despite the prediction that Attrition = No, there are still some potential risk factors to consider:

* **Low JobSatisfaction**: A score of 1 on JobSatisfaction is a concern, as it may indicate that the employee is not engaged or motivated in their role.
* **Limited travel**: While Travel_Rarely may be a benefit for some employees, it could also lead to feelings of stagnation or boredom for others.

Risk level: **Moderate** (there are some potential concerns, but overall, the employee seems stable)

**3. Recommended HR actions:**

* **Investigate JobSatisfaction**: Schedule a meeting with the employee to discuss their job satisfaction and understand the root causes of their low score. Is it related to their role, responsibilities, or something else?
* **Explore growth opportunities**: Consider providing training, mentorship, or new challenges to help the employee grow professionally and feel more engaged in their role.
* **Regular check-ins**: Schedule regular check-ins with the employee to monitor their job satisfaction and work-life balance, and address any concerns promptly.
* **Recognition and rewards**: Consider recognizing and rewarding the employee for their contributions to the company, which can help boost their job satisfaction and motivation.",318
T2_Structured_HR_Analysis,Case 3,Yes,"Based on the employee profile, here is the analysis:

**1. Main factors behind this prediction:**

* **Low JobSatisfaction (3) and WorkLifeBalance (3)**: These scores indicate that the employee is not satisfied with their job and struggles to balance their work and personal life, which are common precursors to attrition.
* **Young age (24) and relatively low MonthlyIncome (1555)**: Younger employees with lower salaries may be more likely to explore new opportunities, especially if they feel undervalued or unfulfilled in their current role.
* **Short tenure (YearsAtCompany = 1)**: Employees in their first year with a company are generally more likely to leave than those who have been with the organization longer.

**2. Possible risk level:**
* **Moderate to High Risk**: Given the combination of factors mentioned above, there is a notable risk that this employee may choose to leave the company.

**3. Recommended HR actions:**

* **Conduct a confidential exit interview (or a check-in conversation)**: Schedule a meeting with the employee to discuss their job satisfaction, work-life balance, and any concerns they may have. This can help identify specific issues and provide an opportunity to address them.
* **Review and adjust compensation**: Consider adjusting the employee's salary to be more competitive with industry standards, or provide additional benefits that may improve their overall compensation package.
* **Provide opportunities for growth and development**: As the employee is in the Human Resources department and has an EducationField in Human Resources, consider providing training, mentorship, or opportunities for advancement within the department to increase job satisfaction and engagement.
* **Monitor and address work-life balance**: Encourage the employee to take breaks, use their paid time off, and maintain a healthy work-life balance. This may involve discussing flexible work arrangements or providing resources to support work-life balance.
* **Regular check-ins**: Schedule regular check-ins with the employee to monitor their job satisfaction and address any concerns they may have before they become major issues.",318
T3_Manager_Friendly_Explanation,Case 1,No,"Let me break it down in simple terms:

**Why this employee may stay or leave:**

Based on the information we have about this employee, our prediction suggests that they are likely to stay with the company (Attrition = No). Here are some key factors that contribute to this prediction:

* They are relatively young (28) and have a good income (₹8463 per month).
* They are a Sales Executive, which is a role that often has a lot of interaction with customers and can be engaging.
* They have a good job satisfaction rating (1, which we assume is a positive rating).
* They rarely travel for business, which can be a plus for work-life balance.

However, there are also some potential concerns:

* They have been with the company for 5 years, which can sometimes lead to complacency or a desire for new challenges.
* Their work-life balance rating is 3, which is neutral - it's not great, but not terrible either.

**What the company should do next:**

To keep this employee engaged and motivated, here are some suggestions:

* **Regular check-ins**: Have a conversation with them to understand their goals, aspirations, and any concerns they may have. This will help identify areas where the company can support them.
* **Growth opportunities**: Explore possibilities for growth or new challenges within the Sales department or elsewhere in the company. This could be a new project, a promotion, or additional responsibilities.
* **Wellness initiatives**: Consider ways to improve work-life balance, such as flexible working hours, wellness programs, or employee benefits that support their personal and professional well-being.
* **Feedback and recognition**: Continue to provide regular feedback and recognition for their achievements, which can help boost job satisfaction and motivation.

By taking these steps, the company can proactively work to retain this valuable employee and help them continue to thrive in their role.",311
T3_Manager_Friendly_Explanation,Case 2,No,"Let me break it down in simple terms:

**Why this employee may stay or leave:**

Based on the information we have about this employee, our prediction is that they are likely to stay with the company (Attrition = No). Here are some key factors that contribute to this prediction:

* They are 53 years old and have been with the company for 4 years, which suggests they have a certain level of stability and may be less likely to look for a new job.
* They have a relatively high monthly income of $4450, which could make them more satisfied with their job and less likely to leave.
* They have a low level of job satisfaction (rated 1), but surprisingly, this doesn't seem to be a major concern for them. It's possible that they have found ways to cope with this or have other priorities that keep them engaged.
* They have a good work-life balance (rated 3), which is important for their overall well-being and may reduce their desire to leave.

**What the company should do next:**

While our prediction suggests that this employee is likely to stay, there are still some potential concerns that the company should address:

* Their low job satisfaction rating is a red flag. The company should consider having a conversation with this employee to understand what's driving their dissatisfaction and see if there are any changes that can be made to improve their experience.
* Given their role as a Manufacturing Director, the company may want to consider providing additional support or resources to help them feel more engaged and motivated in their job.
* Since they travel rarely, the company could explore opportunities for them to take on new challenges or projects that could help keep them engaged and interested in their work.

Overall, while this employee is likely to stay with the company, it's still important to check in with them regularly to ensure that their concerns are heard and addressed. By doing so, the company can help reduce the risk of attrition and create a more positive work environment.",350
T3_Manager_Friendly_Explanation,Case 3,Yes,"Let me break it down in simple terms:

**Why this employee may leave:**
Our analysis suggests that this 24-year-old Human Resources employee may be at risk of leaving the company. Although they've only been with us for a year, their profile indicates some potential concerns. Specifically, their job satisfaction and work-life balance are rated as average (3 out of a certain scale). This could indicate that they're not entirely happy with their job or work environment. Additionally, their monthly income is relatively low compared to what we know about our employees.

**Why this employee may stay:**
On the other hand, this employee works in the Human Resources department, which aligns with their education field and job role. This could suggest that they're in a field they're interested in and may have a sense of purpose. They also don't travel frequently for business and are relatively close to home, which could be a plus.

**What the company should do next:**
Given these insights, we recommend that the company takes proactive steps to engage with this employee and address potential concerns. Here are some suggestions:

1. **Check-in with the employee:** Have a conversation with them to understand their concerns and see if there's anything we can do to improve their job satisfaction and work-life balance.
2. **Explore growth opportunities:** Since they're in a field they're interested in, we could explore opportunities for growth and development within the Human Resources department. This might help them feel more engaged and motivated.
3. **Review compensation:** Consider reviewing their monthly income to ensure it's competitive and fair. This could help alleviate any financial concerns they may have.
4. **Offer support:** Make sure they know that support is available if they need it, whether that's related to work-life balance or professional development.

By taking these steps, we can try to address any concerns this employee may have and reduce the likelihood of them leaving the company.",319
T4_Personalized_Retention_Advice,Case 1,No,"Based on the provided employee data, I'll analyze the individual risk factors, their relation to attrition, and offer practical recommendations.

**Most important individual risk factors:**

1. **Low JobSatisfaction (1)**: This is a significant risk factor, as an employee with low job satisfaction is more likely to consider leaving the organization.
2. **YearsAtCompany (5)**: While having an employee for 5 years can be a positive aspect, it can also indicate that the employee has been with the company for a moderate amount of time, potentially leading to complacency or a desire for new challenges.

**Relation to attrition:**

* Low JobSatisfaction can lead to attrition as employees who are unhappy with their job are more likely to seek new opportunities that better align with their expectations and needs.
* An employee who has been with the company for 5 years may start to feel stagnant or ready for a change, increasing the likelihood of attrition if their needs are not met.

**Practical and personalized recommendations:**

1. **Conduct a thorough conversation**: Schedule a meeting with the Sales Executive to discuss their job satisfaction concerns. Ask open-ended questions to understand the root causes of their dissatisfaction, such as:
	* What are your most significant pain points in your current role?
	* What are your short-term and long-term career goals?
	* What would make you more engaged and motivated in your job?
2. **Explore growth opportunities**: Based on the conversation, identify potential growth opportunities within the Sales department or other areas of the company that align with the employee's interests, skills, and career goals. This could include:
	* Additional training or mentorship programs
	* New project assignments or leadership roles
	* Cross-functional collaboration opportunities
3. **Recognize and reward**: Consider recognizing and rewarding the Sales Executive for their contributions to the company over the past 5 years. This could be a simple gesture, such as a bonus or a public acknowledgement of their dedication.
4. **Regular check-ins**: Schedule regular check-ins (e.g., quarterly) to monitor the employee's job satisfaction and address any concerns promptly.

By addressing the Sales Executive's job satisfaction concerns and providing growth opportunities, you can reduce the risk of attrition and help them feel more engaged and motivated in their role.",367
T4_Personalized_Retention_Advice,Case 2,No,"Based on the provided employee data, I'll analyze the individual risk factors, their relation to attrition, and provide personalized recommendations.

**Most important individual risk factors:**

1. **JobSatisfaction: 1** (very low satisfaction)
2. **YearsAtCompany: 4** (relatively short tenure, but not extremely low)
3. **DistanceFromHome: 13** ( moderate distance, potentially impacting work-life balance)

**Relation to attrition:**

1. **Low JobSatisfaction**: A JobSatisfaction score of 1 is a significant risk factor for attrition. When employees are unhappy with their job, they are more likely to seek new opportunities elsewhere.
2. **Short tenure**: Although 4 years is not a short tenure, it is still a relatively early stage in an employee's career with a company. If an employee is not satisfied, they may be more likely to leave before investing more time and energy.
3. **DistanceFromHome**: A distance of 13 units from home may cause difficulties in commuting, impacting work-life balance. This could contribute to dissatisfaction and potentially increase the likelihood of attrition.

**Practical and personalized recommendations:**

1. **Conduct a thorough conversation**: Schedule a meeting with the Manufacturing Director to discuss their job satisfaction concerns. Listen actively to their feedback, and identify specific areas causing dissatisfaction.
2. **Address concerns and improve job satisfaction**: Based on the conversation, develop a plan to address the employee's concerns. This might involve:
	* Providing additional resources or support to improve their work experience.
	* Exploring opportunities for growth and development within the Research & Development department.
	* Adjusting their workload or responsibilities to better align with their interests and skills.
3. **Explore flexible work arrangements**: Consider offering flexible work arrangements, such as telecommuting or flexible hours, to help alleviate commuting difficulties and improve work-life balance.
4. **Recognition and engagement**: Regularly recognize and appreciate the employee's contributions to the organization. Engage them in discussions about the company's goals, vision, and future plans to help them feel more connected and invested.

**Additional suggestions:**

* Monitor the employee's progress and job satisfaction closely over the next 6-12 months.
* Consider a mid-term review (e.g., 6 months) to assess the effectiveness of the implemented changes and make adjustments as needed.

By addressing the employee's concerns, improving job satisfaction, and offering support, the organization can reduce the risk of attrition and help the Manufacturing Director feel more engaged and committed to their role.",379
T4_Personalized_Retention_Advice,Case 3,Yes,"Based on the provided employee data, I'll analyze the individual risk factors contributing to the predicted attrition.

**Most important individual risk factors:**

1. **JobSatisfaction: 3** (Neutral satisfaction level)
2. **WorkLifeBalance: 3** (Neutral work-life balance)
3. **DistanceFromHome: 22** (Significant distance from home)
4. **YearsAtCompany: 1** (Relatively short tenure)

**Relationship to attrition:**

* **JobSatisfaction: 3**: A neutral satisfaction level indicates that the employee is not strongly engaged or dissatisfied. However, it suggests a lack of enthusiasm or excitement about their job, which can lead to a higher likelihood of exploring alternative opportunities.
* **WorkLifeBalance: 3**: A neutral work-life balance may indicate that the employee is struggling to manage their personal and professional responsibilities. This can lead to burnout, decreased motivation, and increased turnover.
* **DistanceFromHome: 22**: A significant distance from home can lead to commuting stress, decreased work-life balance, and increased fatigue. This can negatively impact job satisfaction and increase the likelihood of attrition.
* **YearsAtCompany: 1**: With only 1 year at the company, the employee is still in the early stages of their tenure. Research suggests that employees are more likely to leave organizations during the first year of employment.

**Practical and personalized recommendations:**

1. **Regular check-ins**: Schedule regular 1-on-1 meetings with the employee to discuss their job satisfaction, work-life balance, and any challenges they're facing. This will help identify potential issues before they become major concerns.
2. **Explore flexible work arrangements**: Consider offering flexible work arrangements, such as telecommuting or flexible hours, to help alleviate commuting stress and improve work-life balance.
3. **Professional development opportunities**: Provide opportunities for professional growth and development within the Human Resources department. This can help increase job satisfaction and engagement.
4. **Recognition and feedback**: Regularly recognize and provide constructive feedback on the employee's performance. This can help boost job satisfaction and motivation.
5. **Employee wellness initiatives**: Consider offering employee wellness initiatives, such as employee assistance programs (EAPs) or stress management workshops, to help employees manage work-related stress and improve their overall well-being.

By addressing these individual risk factors and implementing these recommendations, the organization can proactively work to reduce the likelihood of attrition and improve the employee's overall experience.",354
